{
  "model_type": "XGBRegressor",
  "feature_names": [
    "candidate_score",
    "style_score",
    "color_score",
    "clip_sim",
    "text_sim",
    "opensearch_score",
    "final_match_score",
    "price_ratio",
    "p_hash_dist",
    "position",
    "same_brand",
    "same_vendor",
    "cat_bag->bag",
    "cat_dress->dress",
    "cat_dress->skirt",
    "cat_jacket->coat",
    "cat_jacket->jacket",
    "cat_pants->jeans",
    "cat_pants->pants",
    "cat_shirt->shirt",
    "cat_shirt->top",
    "cat_shoes->shoes"
  ],
  "label_mapping": {
    "bad": 0,
    "ok": 1,
    "good": 2
  },
  "num_features": 22,
  "train_samples": 800,
  "test_samples": 200,
  "accuracy": 0.665,
  "feature_importance": {
    "clip_sim": 0.10867273807525635,
    "price_ratio": 0.09458279609680176,
    "same_brand": 0.06306354701519012,
    "style_score": 0.06298486143350601,
    "cat_pants->pants": 0.06161416694521904,
    "color_score": 0.05561192333698273,
    "cat_dress->skirt": 0.054725270718336105,
    "position": 0.04373868182301521,
    "cat_shirt->shirt": 0.04367455467581749,
    "cat_dress->dress": 0.04087984561920166,
    "cat_jacket->jacket": 0.03683922812342644,
    "same_vendor": 0.03667186200618744,
    "p_hash_dist": 0.036021776497364044,
    "final_match_score": 0.0356266088783741,
    "opensearch_score": 0.034780073910951614,
    "cat_shirt->top": 0.03467627987265587,
    "text_sim": 0.032038528472185135,
    "candidate_score": 0.027781030163168907,
    "cat_bag->bag": 0.02683299034833908,
    "cat_shoes->shoes": 0.026648176833987236
  }
}